id,first_name,last_name,age
1,Tim,Creaser,93
2,Uri,Tickner,13
3,Isidora,MacSween,67
4,Bert,Parcells,35
5,Lilah,Muff,13
6,Berni,Eilers,44
7,Belvia,Alam,16
8,Morey,Tideswell,61
9,Toma,Murdy,64
10,Karole,Everley,25
11,Joseph,Perillo,37
12,Hali,Hyde-Chambers,32
13,Isidora,Coales,63
14,Nathalie,Couser,78
15,Terri-jo,Matula,50
16,Olive,Dulany,56
17,Pamella,Clamo,23
18,Jammie,Clover,100
19,Vinita,Stimson,9
20,Davidde,Blanshard,31
21,Stephanie,Ruberti,2
22,Dorelia,Lebel,54
23,Tandi,Heake,46
24,Lydon,Yakovlev,43
25,Lianna,Andriveau,4
26,Ravid,Sarchwell,47
27,Katherine,Lathbury,82
28,Paulie,Wawer,57
29,Yves,Titt,60
30,Ephrem,Hoyland,32
31,Coralyn,Cromblehome,44
32,Harbert,Clunan,91
33,Jordana,Blucher,52
34,Buiron,Dumberrill,71
35,Marga,Grisbrook,67
36,Field,Tordiffe,28
37,Fremont,Lund,56
38,Kial,Hulke,15
39,Tobey,Adam,64
40,Giraud,Filippyev,86
41,Roch,Lippo,41
42,Roz,Yellowlee,57
43,Gustavo,Manger,74
44,Anthiathia,Botterill,87
45,Sydney,Vlasenko,9
46,Dianne,Ropp,64
47,Piotr,Perrottet,84
48,Rick,Epton,36
49,Grete,O'Fergus,80
50,Boycie,Abbatucci,65
51,Eada,Hendrikse,94
52,Carolann,Ketton,95
53,Lorie,Brehaut,66
54,Yuri,Lemme,56
55,Octavius,Downing,46
56,Bernete,Penlington,68
57,Shandeigh,Rau,28
58,Madonna,Boal,30
59,Conrad,Allmen,13
60,Dode,Wingfield,93
61,Grace,Aizkovitch,4
62,Shaylah,Murden,55
63,Berkeley,Klima,64
64,Nadiya,Culwen,30
65,Alfie,Beeton,62
66,Gwendolyn,Staig,22
67,Beatrix,Pignon,91
68,Sybille,Jakubowicz,52
69,Yoshi,Rolfo,46
70,Felicdad,Ollington,68
71,Judith,Farnham,93
72,Kassie,Mendez,81
73,Arlyn,McCabe,79
74,Georgianna,Chantrell,87
75,Melantha,Tylor,16
76,Ware,Craisford,50
77,Salvador,McIlmorow,34
78,Juliana,Satterfitt,77
79,Scarlet,Newbury,70
80,Fina,Hudson,99
81,Quintana,Bunting,8
82,Gardiner,Lemery,21
83,Darsey,Gostling,81
84,Raimondo,Took,25
85,Loren,Fancet,91
86,Yehudit,Aicheson,21
87,Carlin,Aireton,30
88,Norma,Kops,38
89,Roseline,Kearley,40
90,Kelsey,Brosnan,19
91,Vivie,Pahler,71
92,Sharyl,Nunan,64
93,Harland,Elcott,61
94,Renie,Dahler,23
95,Flem,Graal,72
96,Gerda,Issard,21
97,Gena,Brew,13
98,Nobie,Eringey,92
99,Diana,Coffelt,28
100,Ethelred,Benini,64
101,Steward,Dyble,30
102,Frederic,Gaskin,79
103,Ravi,Btham,45
104,Evelin,Marshall,1
105,Nola,Rainville,64
106,Hinda,Cookley,42
107,Reade,Dawidowitz,1
108,Maegan,Wilsher,47
109,Ad,Preon,77
110,Andy,Dowdall,56
111,Wenonah,Halliberton,77
112,Eleanora,Bunyard,35
113,Peggie,Phillipp,56
114,Chandal,Shippam,64
115,Cristionna,Shingles,13
116,Desmund,Mepham,4
117,Ileana,Verdun,17
118,Min,Hartford,74
119,Denny,Illesley,84
120,Winnie,Lohde,19
121,Martyn,Vautier,52
122,Ulrike,Abbs,88
123,Derrek,Lovstrom,20
124,Enrico,Brasner,10
125,Armand,Culverhouse,69
126,Jami,Simonetto,29
127,Everard,Wolfendale,79
128,Corette,Caccavale,23
129,Davidde,Bitchener,22
130,Fidel,Odgers,33
131,Savina,Ogbourne,67
132,Felix,Shervil,46
133,Dominique,Fowlds,98
134,Reuven,Gobeaux,93
135,Konrad,Peron,88
136,Padraig,Basnall,33
137,Archer,Imesson,75
138,Alissa,Hilling,83
139,Alma,Pyrah,40
140,Carleen,Arkell,99
141,Kate,Greed,84
142,Dianna,Meriton,98
143,Ophelia,Grewer,51
144,Ivett,L'Hommeau,59
145,Renelle,Tales,63
146,Mordecai,Leason,16
147,Antin,Woodes,31
148,Vito,Canner,22
149,Janella,Curle,79
150,Vidovik,Rault,41
151,Rob,Sandwith,60
152,Fran,Girsch,55
153,Donnie,Poznan,28
154,Sapphire,Larive,100
155,Paule,Vidyapin,78
156,Prudi,d' Elboux,36
157,Colline,Leatherbarrow,92
158,Marget,Trever,22
159,Ikey,Children,86
160,Andi,Freak,73
161,Donetta,Troman,20
162,Querida,Leadbitter,9
163,Paquito,Merrison,5
164,Alard,Pantecost,28
165,Frederigo,Paolinelli,24
166,Samuel,Scrigmour,82
167,Patrizius,Oakinfold,19
168,Alexina,Feechum,90
169,Dona,Bullier,36
170,Sallyanne,Perrins,91
171,Benjy,Dorrity,26
172,Genevra,Tavinor,78
173,Rakel,Mollin,54
174,Nola,MacDowal,40
175,Cass,Deathridge,35
176,Rayner,Bruna,52
177,Aggie,Cartmel,13
178,Elsy,Cavey,89
179,Alina,Pilbeam,27
180,Clair,Symper,1
181,Dalia,Clemmett,49
182,Vin,Cruwys,45
183,Mickie,House,42
184,Dennie,Thow,57
185,Leona,McCluney,51
186,Mead,Bolens,90
187,Dennison,Gurley,48
188,Rory,Verni,45
189,Emmaline,MacNucator,33
190,Gabriela,Harrema,27
191,Simonette,Rookes,56
192,Risa,Killik,77
193,Jaynell,Couttes,32
194,Jeffie,Lawleff,25
195,Glenn,Ferroli,61
196,Dory,Godar,49
197,Clim,Pryke,19
198,Shae,Ruddy,20
199,Son,Blasdale,43
200,Karim,Pafford,45
201,Christean,Hucke,85
202,Rodrigo,Kordes,14
203,Nedda,Torre,63
204,Frants,Grigs,36
205,Horatio,Sirman,42
206,Daphna,Richemond,69
207,Chadwick,Saing,24
208,Guillema,Woodruff,82
209,Rodger,Raoult,57
210,Emmye,Innwood,65
211,Kinna,Redihough,61
212,Misti,Leefe,51
213,Kimmy,Smurfitt,18
214,Gaven,Blowfelde,86
215,Giselle,Boatman,49
216,Randa,Oxtarby,92
217,Miquela,Sly,18
218,Sharleen,Buffery,64
219,Erhard,Valenta,9
220,Pat,Rikard,59
221,Ellary,Dudson,79
222,Rianon,Hindrick,45
223,Barret,Elie,13
224,Lorrie,Stubbings,39
225,Wenonah,Frankis,51
226,Mitchael,Mew,48
227,Ive,Benaine,57
228,Antonia,Dilworth,88
229,Orson,Eveling,93
230,Dov,Halle,77
231,Corney,Yushin,3
232,Silvanus,Idiens,27
233,Pauletta,Mains,57
234,Brooke,Nuttey,40
235,Jacquelynn,Kelinge,89
236,Jordon,Chattell,26
237,Chuck,Phipard-Shears,56
238,Gwenette,Ralling,27
239,Ada,Withrop,46
240,Otis,Earley,76
241,Elianora,Crosgrove,40
242,Bertha,Carass,35
243,Morten,Janaszkiewicz,87
244,Truda,Poyser,43
245,Tallie,Sauvan,11
246,Marya,Bilsford,28
247,Sherman,Ambler,50
248,Abeu,Heinke,15
249,Gawen,Fitchell,24
250,Glen,Rubenchik,63
251,Tomkin,Hodgon,33
252,Mattie,Jeffray,73
253,Julie,Yo,3
254,Farley,Churchin,70
255,Ashlan,Pitsall,77
256,Cassandra,Toland,84
257,Kliment,Patillo,10
258,Kimmi,Cordelle,88
259,Wolf,Meagher,78
260,Leonie,Pennacci,37
261,Adrianna,Figure,79
262,Gaspar,Beaston,90
263,Dorothy,Adrien,88
264,Jarrid,Fritchly,23
265,Gayel,Collet,38
266,Peterus,Oakland,4
267,Kendrick,Calvey,39
268,Imojean,Goublier,7
269,Bailie,Doul,35
270,Werner,Richel,35
271,Sallie,Skupinski,70
272,Perla,Izatson,72
273,Althea,Trematick,31
274,Dehlia,Tuberfield,90
275,Lacey,Threader,30
276,Davida,Knoles,99
277,Solomon,Parncutt,79
278,Cora,Vicary,64
279,Simon,Brounsell,100
280,Garv,Guerro,31
281,Dorian,Ferbrache,15
282,Cirstoforo,Marven,3
283,Ives,Folbig,71
284,Fairlie,Toffanini,77
285,Dominik,Bredes,85
286,Carol,Ruddin,54
287,Mirabella,Benedick,21
288,Anselm,Munro,63
289,Granthem,Devote,7
290,Orelie,Doy,11
291,Manfred,Pfeiffer,30
292,Flossi,Klemenz,18
293,Lorrie,Debnam,82
294,Andie,Dallyn,74
295,Sybille,Beranek,60
296,Josselyn,Beamiss,23
297,Teador,Duggleby,3
298,Hilly,Boutellier,57
299,Rudy,Gostling,55
300,Tallia,Goodhand,50
301,Dominick,Jeeves,41
302,Chelsey,Morison,96
303,Claretta,Roggeman,99
304,Konstantin,Berre,49
305,Otis,Durbridge,91
306,Maury,Abbison,35
307,Wood,Fitton,70
308,Jaquelyn,Edsell,81
309,Barclay,Kubelka,54
310,Jerrilyn,McGriffin,77
311,Wendeline,Wind,80
312,Lainey,Penburton,33
313,Jacinthe,Ciobutaru,16
314,Luelle,Brasier,27
315,Alair,Brisland,90
316,Frasquito,Armsden,92
317,Virgil,Widmore,98
318,Lisabeth,Livingston,89
319,Flss,Baddam,16
320,Prudence,Belsey,33
321,Marlena,Bellay,47
322,Marley,Androli,31
323,Olga,Walkingshaw,94
324,Jackie,Bonnar,72
325,Balduin,Gawn,85
326,Tammie,McCrone,80
327,Nathan,Pulver,8
328,Neddie,Scothern,93
329,Dimitry,Kenningley,39
330,Ulrikaumeko,Rizzotto,47
331,Patrick,McGowan,88
332,Val,O'Hingerty,63
333,Ruby,Jewson,60
334,Karney,Stancliffe,94
335,Cecilla,Duckwith,14
336,Bryn,Vasilenko,84
337,Coop,Davys,60
338,Alf,Zoephel,33
339,Sheilakathryn,Okroy,89
340,Nathaniel,Arunowicz,82
341,Webb,Brooksbie,55
342,Lamar,Skase,53
343,Bucky,Smartman,24
344,Putnam,Innett,48
345,Ivette,Sinclaire,24
346,Teador,Lawles,6
347,Ailey,Rosenkranc,26
348,Ingamar,Stork,67
349,Boyd,Neumann,58
350,Kellby,Titmus,76
351,Sally,Danilovich,62
352,Bobinette,Worsham,12
353,Daron,Gorges,63
354,Sella,Camocke,78
355,Jeremie,Penritt,3
356,Gene,Spurrier,76
357,Xylia,Kelberer,73
358,Morna,Iacabucci,19
359,Hillel,Hedaux,49
360,Alaric,Gorrissen,50
361,Cameron,Mixture,29
362,Nicky,Hellewell,18
363,Allin,Kimberley,68
364,Tom,Kondrachenko,58
365,Sallyanne,Douse,32
366,Eadmund,La Vigne,33
367,Franny,Croughan,6
368,Nomi,Twitchett,12
369,Pyotr,Langhorn,75
370,Emylee,Caldecot,97
371,Ronica,Esposito,13
372,Emmalyn,Raye,55
373,Inger,Yallop,48
374,Kenyon,Fewster,91
375,Vera,Schult,57
376,Denis,Cyphus,78
377,Kynthia,Hannabuss,87
378,Gaby,Tyhurst,18
379,Roda,Higford,51
380,Lauralee,Filippov,82
381,Angelle,Doby,48
382,Haze,Culcheth,49
383,Ignatius,Dimblebee,72
384,Maurise,McBeath,15
385,Jelene,Leppingwell,10
386,Sadella,Dudding,49
387,Marlow,Rounsefell,78
388,Brewer,Golledge,53
389,Ronald,Ayris,40
390,Dari,Oglesbee,3
391,Caitrin,Tourmell,21
392,Rebeka,Bachs,56
393,Wren,Ades,50
394,Shalne,Thorley,52
395,Stearn,Gammons,67
396,Emmi,Shovelbottom,79
397,Micky,Tilbury,92
398,Ian,Hinners,71
399,Kliment,Sunock,6
400,Heida,Brunker,42
401,Lotti,Muncie,13
402,Marylee,Lawful,19
403,Shaylyn,Cottell,59
404,Rennie,Charge,1
405,Erny,Reolfi,47
406,Audre,Arndt,48
407,Vikky,Cherryman,50
408,Selestina,Overel,29
409,Dot,Cobley,29
410,Jobyna,Gherardini,14
411,Bibbye,Sorsbie,25
412,Elka,Thibodeaux,54
413,Carolina,Lecointe,8
414,Hephzibah,Attrill,48
415,Doralyn,Axcell,69
416,Regine,Berks,89
417,Kaja,Mackneis,21
418,Rogers,Ivett,60
419,Bron,Dundendale,42
420,Sascha,O'Nion,27
421,Olympia,Tremain,45
422,Debora,Hobben,73
423,Buddie,Stonhard,30
424,Brett,Wapplington,41
425,Lind,Habishaw,58
426,Leeanne,Goodbourn,82
427,Levi,Wigley,7
428,Nerty,Barg,47
429,Alyse,Magnus,14
430,Norrie,Banishevitz,85
431,Cary,Pfeffle,65
432,Helga,Andell,57
433,Leda,Filochov,24
434,Sonja,Storton,16
435,Morley,Bendik,74
436,Fabien,Garvey,95
437,Hobart,Jex,37
438,Emmerich,Pomroy,92
439,Maggi,Tafani,41
440,Muire,Milsted,92
441,Bronny,Sells,13
442,Kerrill,Laterza,49
443,Noby,Byham,9
444,Christa,Keizman,65
445,Rosemary,Huckerby,59
446,Ansel,Pull,82
447,Inga,Kynston,6
448,Ralf,Daud,49
449,Demetri,Dowles,93
450,Lidia,Laffoley-Lane,53
451,Suzette,Uzielli,82
452,Aubrie,Godwin,33
453,Taddeo,Kubach,4
454,Ynes,Strippling,97
455,Lizbeth,Joul,98
456,Kerri,Mullenger,85
457,Dukie,Scrimgeour,83
458,Robinet,Challener,97
459,Lorita,Crenshaw,49
460,Marlo,Garland,26
461,Igor,Gradly,27
462,Deena,Amiranda,49
463,Althea,Matus,57
464,Ric,Ranyard,79
465,Kerstin,Canceller,88
466,Astra,Pincott,16
467,Osmund,Twopenny,86
468,Beryl,Bryer,19
469,Virge,Frantzen,75
470,Mirabel,Goodfield,89
471,Juana,Feldstern,71
472,Silvan,Crecy,28
473,Zacharie,Izod,83
474,Jasen,Chaff,12
475,Bucky,Scourgie,74
476,Ermina,Andreutti,72
477,Bobine,Waadenburg,86
478,Cherie,Cortes,26
479,Hedwig,Sherrock,1
480,Nomi,Liley,45
481,Kathye,Tuffs,12
482,Guglielma,McRavey,85
483,Abbe,Blase,50
484,Kaiser,Brassington,19
485,Cordelie,Cadell,20
486,Margaux,Tennick,27
487,Demetris,Bawles,26
488,Bibby,Brandsma,51
489,Deeanne,Sword,15
490,Daveen,Muriel,3
491,Andrey,McQuilkin,26
492,Cordey,Houlston,14
493,Brooke,Woolam,78
494,Vonny,Collen,2
495,Marline,Riseley,33
496,Lorrayne,Timmes,75
497,Gabriel,Barry,16
498,Parke,Delany,94
499,Clarita,Conant,38
500,Shoshanna,Meert,53
501,Julie,Elliman,94
502,Angeline,Mathieu,86
503,Zsa zsa,Orhrt,39
504,Tessy,MacNulty,89
505,Meaghan,Cartmel,53
506,Lu,Gerram,66
507,Lissi,Horick,55
508,Eddy,Mushrow,80
509,Janaye,Largen,83
510,Germaine,Deluce,47
511,Doreen,Renackowna,79
512,Beale,Vassall,58
513,Desirae,Sloss,14
514,Sigismondo,Moyler,17
515,Seline,Brockton,99
516,Wyatan,Guerrero,94
517,Chrotoem,Pickavant,38
518,Lurlene,Wise,56
519,Sargent,Cohan,16
520,Lenna,Oxenford,3
521,Caria,L'Episcopio,33
522,Meade,Minthorpe,55
523,Christian,Scully,18
524,Nat,Licciardo,34
525,Odelinda,Molloy,86
526,Goran,Rourke,75
527,Lamar,Ratke,34
528,Woodie,MacAlroy,68
529,Ida,Rodenburg,73
530,Neille,Emmines,97
531,Arel,Alentyev,32
532,Bondon,Pantling,45
533,Rina,Pittendreigh,51
534,Louis,Fanshawe,16
535,Angeli,Starte,9
536,Yankee,Orys,22
537,Kimball,Lucius,44
538,Thorstein,Belderson,40
539,Bridget,Klinck,67
540,Kassandra,Bloxham,86
541,Cindra,Culter,97
542,Alfredo,Minthorpe,55
543,Jason,Fortnon,99
544,Georg,Slaten,8
545,Kissee,Hurdle,72
546,Renelle,Cuskery,63
547,Bobine,Danilchev,32
548,Nelson,Sergison,14
549,Adolphus,Killford,43
550,Ingar,Rosenfelt,76
551,Ardene,Slayny,24
552,Berenice,Gath,91
553,Janaye,Willarton,92
554,Sawyere,Spary,29
555,Ermina,Balm,12
556,Kata,Dils,8
557,Gard,Brinkworth,49
558,Kerwinn,Pandya,37
559,Phil,De Moreno,8
560,Tadeas,Guille,24
561,Alexander,Rolles,57
562,Law,Tossell,5
563,Bel,Holdren,37
564,Vonnie,Gasker,90
565,Anne-corinne,Crufts,89
566,Davis,Dobey,60
567,Rory,Hallett,32
568,Bob,Forrestill,88
569,Forster,Radke,36
570,Pip,Fleet,46
571,Beverlie,Bateson,72
572,Hillier,Ashdown,47
573,Erasmus,Baszkiewicz,40
574,Collie,Trattles,89
575,Montague,Penhaleurack,77
576,Hanan,Maleney,26
577,Elinore,Billborough,64
578,Cletus,Halfpenny,48
579,Gerrard,Tilbury,90
580,Sanderson,Duke,39
581,Ulick,Eastgate,68
582,Malissa,Blenkin,85
583,Valentine,Tather,94
584,Kit,Fagge,88
585,Mildrid,Brampton,10
586,Jerome,Bonsale,92
587,Kathie,Mingotti,52
588,Phillie,Husselbee,55
589,Ethyl,Stopp,9
590,Balduin,Keasy,9
591,Nettle,McElroy,8
592,Vassily,Haking,82
593,Cornie,Braunthal,87
594,Thorpe,Dunne,12
595,Karol,Dunnett,72
596,Laney,Welbourn,32
597,Stephine,Predohl,89
598,Monica,Hasslocher,53
599,Catlee,Dantesia,65
600,Brennan,Ghidoni,52
601,Valerye,Halpeine,5
602,Douglas,Apperley,59
603,Kerrin,Lanchbery,57
604,Starla,Drinan,16
605,Debbi,Arundale,50
606,Gonzales,O'Shiels,12
607,Renate,Domini,92
608,Dick,Worsam,71
609,Rosa,Twigg,45
610,Olenolin,Parken,71
611,Rachel,Usherwood,100
612,Genovera,Bunten,38
613,Elysia,Adey,99
614,Karita,Deetch,61
615,Ivar,McCurry,38
616,Courtnay,Sugg,51
617,Rhett,Astie,7
618,Ripley,Heimann,81
619,Cleo,Janes,25
620,Lurlene,Crass,98
621,Halley,Sparke,83
622,Elinore,Tarquini,45
623,Starla,Waleworke,75
624,Teddie,McNeillie,54
625,Koren,Lamberts,55
626,Stanwood,Kingswell,33
627,Carmel,Forsyth,32
628,Dyanne,Eakle,45
629,Kirsten,Branwhite,77
630,Xena,Pretsell,54
631,Ardeen,Dominguez,75
632,Farrel,Brannon,4
633,Ashla,Lapslie,46
634,Xerxes,Mantione,98
635,Luke,Franklin,12
636,Lorenzo,Leneham,82
637,Katine,Yarnall,49
638,Hedi,Baggalley,41
639,Nicolas,Syde,58
640,Aile,Giovani,95
641,Monro,Espina,67
642,Alphonse,Denys,13
643,Nollie,Vamplew,42
644,Adria,Deem,37
645,Linda,Illes,27
646,Oren,Moggach,55
647,Baryram,Farrance,28
648,Maritsa,Moultrie,60
649,Juanita,Howsley,95
650,Katharyn,Lanchbery,67
651,Gavrielle,Britian,96
652,Cosimo,Dell'Abbate,70
653,Berri,Nutbrown,91
654,Rayshell,Sunter,50
655,Vonnie,Fidele,54
656,Robby,Dawkins,14
657,Michaeline,Segot,64
658,Keslie,McGow,43
659,Gaby,Carlaw,40
660,Mack,McLugaish,49
661,Ludovico,Clardge,20
662,Pate,Kilalea,71
663,Garret,Osmon,9
664,Thomasa,Archdeacon,91
665,Sonya,Miskelly,77
666,Grady,Kernar,96
667,Rudy,Goult,57
668,Cori,Ruddin,17
669,Myrwyn,Philimore,4
670,Leese,Cracoe,89
671,Kelila,Merrien,60
672,Devora,Alessandone,40
673,Chalmers,Bilborough,37
674,Florida,Newburn,98
675,Lolita,Files,49
676,Tamera,William,26
677,Kasper,De Anesy,5
678,Hilarius,Scapelhorn,62
679,Hester,McNab,58
680,Yank,Brumhead,14
681,Carlin,Joberne,37
682,Alexine,Asher,76
683,Milicent,McKinie,38
684,Angel,Roxburch,20
685,Vicky,Dane,53
686,Cosetta,Crebott,3
687,Waldon,Rippingale,83
688,Kass,Dinis,88
689,Nikolia,Rothera,10
690,Dede,Swanwick,45
691,Natty,Mattingly,100
692,Filbert,Rickhuss,54
693,Claudia,Cushion,36
694,Elaina,Foulser,97
695,Brig,Punt,99
696,Willi,Brookesbie,3
697,Ellette,Frary,100
698,Marlyn,MacWhirter,87
699,Price,Ivetts,27
700,Keeley,Ormshaw,83
701,Elden,Baelde,45
702,Elroy,Olenchenko,87
703,Rosina,Toffoloni,30
704,Worth,Cullip,74
705,Casi,Vanderson,36
706,Giacomo,Gatsby,75
707,Corty,Simmans,29
708,Deanna,Storrie,40
709,Shaw,Petren,45
710,Anatole,Whiteman,39
711,Horatia,Dayborne,6
712,Cristionna,Hadkins,7
713,Arch,Ritzman,58
714,Sully,Lidgey,89
715,Rabbi,Clyde,59
716,Tracey,Phettis,89
717,Morna,Statton,13
718,Corbie,Ebdon,49
719,Shannan,Cayford,95
720,Devan,Gitsham,77
721,Gaultiero,Rodman,88
722,Damaris,Brokenshaw,39
723,Justinn,Scudders,38
724,Ker,Pieters,100
725,Christophe,Dooley,49
726,Alva,Kobelt,57
727,Far,Lawdham,81
728,Joe,Pomroy,4
729,Allyn,McCourt,51
730,Quintus,Pinn,11
731,Justus,Master,2
732,Ramona,Fisk,69
733,Grady,McTeague,55
734,Aarika,Gunning,12
735,Donny,Upsale,84
736,Dolf,Yearne,40
737,Claybourne,Benzing,51
738,Cullie,Marjoribanks,35
739,Krishna,Jentle,4
740,Gothart,Thurby,23
741,Kitty,Roulston,25
742,Talya,Pickersail,55
743,Ware,Fulstow,2
744,Cullie,Vasyunin,60
745,Crissy,Driffill,46
746,Isidoro,Dodell,16
747,Horatia,Meechan,31
748,Maximilianus,Flecknell,86
749,Jacinta,Lovart,24
750,Sunny,Kemp,40
751,Karoline,Rapsey,17
752,Leighton,Hathwood,93
753,Giffy,Ben,82
754,Ozzie,Ellerbeck,34
755,Aurlie,Lethabridge,95
756,Adelbert,Eyre,98
757,Joel,Colvie,64
758,Gennifer,Brasier,25
759,Rich,Rushman,26
760,Marsiella,Marven,17
761,Gwendolyn,Sellar,43
762,Markus,Antic,81
763,Lillis,Bilney,61
764,Claudine,Garie,67
765,Dulsea,Barthelmes,42
766,Silvain,Critcher,19
767,Bess,Titmarsh,57
768,Berti,Daviddi,31
769,Caterina,Roddan,41
770,Verne,Willcox,88
771,Raphael,Burroughes,75
772,Jake,Stallworth,64
773,Elden,Loder,18
774,Sherline,Lucock,81
775,Minnie,Rawcliffe,12
776,Loni,Hannond,66
777,Marlena,Schowenburg,22
778,Diandra,Goodlud,94
779,Cassy,Trayling,59
780,Kasper,Buckler,8
781,Alphard,Cummine,24
782,Michail,Vanyushin,45
783,Corri,Storks,47
784,Lenard,De Mars,93
785,Robinson,Hynd,84
786,Pennie,Hold,59
787,Henka,Pasque,32
788,Nerti,Chaffe,43
789,Thomasin,Fines,78
790,Winston,Silbersak,89
791,Bethena,Van Driel,19
792,Vanessa,Iacomini,20
793,Addie,Bartel,71
794,Norrie,Selburn,24
795,Jonell,Snasel,91
796,Morna,Etter,20
797,Elle,Latty,34
798,Haleigh,Adamson,70
799,Erna,Denacamp,91
800,Karalynn,Kirckman,74
801,Bogart,Perrinchief,43
802,Carina,Dufour,42
803,Codie,Pyzer,23
804,Harbert,Fredi,93
805,Giraud,Thomtson,77
806,Nessa,De Francisci,82
807,Corenda,Heiss,31
808,Marinna,Klesl,87
809,Annabal,Durante,97
810,Jazmin,Mead,25
811,Ulberto,Meaders,33
812,Glen,Blenkhorn,83
813,Kellen,Grimsell,90
814,Chelsy,Maskall,80
815,Lesly,Kennett,48
816,Aubine,Scini,81
817,Dredi,Firebrace,4
818,Frederik,Ollerton,60
819,Ingamar,Gerry,83
820,Vladamir,Townley,42
821,Mel,Baltzar,86
822,Joellen,Du Hamel,22
823,Gard,Severs,72
824,Prue,Lynagh,12
825,Filippo,Odney,85
826,Karen,Jirsa,25
827,Standford,Aurelius,100
828,Gray,Kernley,41
829,Andrew,Newis,34
830,Annabal,D'Orsay,21
831,Kimmie,Softley,27
832,Nichole,Inchan,58
833,Selig,Scimoni,45
834,Raychel,Gammidge,97
835,Shelton,Marquiss,47
836,Katey,Kondratenya,24
837,Kary,Clayborn,17
838,Franchot,Geake,13
839,Spencer,MacWhirter,83
840,Maddy,Czaple,53
841,Konstance,Spata,78
842,Marta,Okenden,31
843,Baird,Maggill'Andreis,14
844,Ryann,Ionn,8
845,Abner,Wildgoose,40
846,Kaspar,Breming,38
847,Ana,Hall-Gough,70
848,Kelbee,Hedge,26
849,Christel,Westhoff,39
850,Laurence,Hamnett,16
851,Benny,Swindall,86
852,Kenny,Fancutt,44
853,Roberta,Asquez,33
854,Kin,Zanre,19
855,Mair,Knight,71
856,Aurelea,Pennicott,49
857,Cindie,Sustins,79
858,Jayson,Moneypenny,24
859,Dorolice,Murrell,75
860,Cyrille,McGiven,65
861,Ave,Blore,24
862,Rebekah,Brokenshaw,39
863,Borden,De la Feld,86
864,Marianna,McIndoe,39
865,Kimberlyn,Phair,7
866,Pennie,Ickovici,28
867,Debi,Broggio,99
868,Ludovico,Hallgarth,28
869,Garvy,Southerden,39
870,Moss,Dalgetty,51
871,Lonnie,Fruin,30
872,Emmit,Thorpe,56
873,Geordie,Wheater,22
874,Lea,Bristo,38
875,Eldon,Rafter,92
876,Chadwick,Dumini,54
877,Donn,Caulton,29
878,Almeda,Foad,52
879,Ronda,Awcock,31
880,Xenia,Yeoland,11
881,Bernadette,Piquard,43
882,Elnore,Riseborough,18
883,Chrysa,Waterland,47
884,Jyoti,Scogings,45
885,Jaclin,Redhills,53
886,Gabbi,Blowing,99
887,Zacherie,Riccardini,47
888,Elana,Peakman,75
889,Winifield,Riditch,4
890,Jaine,Le feuvre,32
891,Cecilio,Olivia,21
892,Carr,Matuszinski,43
893,Lark,Wixey,20
894,Tyler,Skillen,73
895,Stefa,Ashe,27
896,Dahlia,Wheatman,28
897,Reggie,Madgett,25
898,Elora,Maddock,67
899,Pincus,Holleran,45
900,Benny,Jesse,20
901,Roberta,Noden,91
902,Fern,Salmoni,62
903,Nicoline,Fairy,100
904,Kiley,McWhirter,30
905,Ginni,Tytcomb,25
906,Hillery,St Pierre,12
907,Nerty,Biddy,11
908,Kerk,Tonnesen,69
909,Aksel,Olander,40
910,Kayle,Lindhe,99
911,Dame,Grimble,31
912,Levi,Douce,38
913,Ashil,Lawland,73
914,Dyna,Howieson,90
915,Tiff,McCullen,64
916,Benedetta,Wallsam,89
917,Trumann,Glowacki,5
918,Neely,Snarr,32
919,Antonina,Ilyinski,59
920,Alexa,Rasor,66
921,Maggee,Tappin,37
922,Mitchel,Himsworth,93
923,Lind,Karoly,19
924,Leopold,Piff,26
925,Billye,Vannoort,17
926,Katharina,Whistance,74
927,Minerva,Seton,85
928,Rudolfo,Plaxton,18
929,Sondra,Papen,87
930,Josephine,Sherbourne,59
931,Erhart,Bownde,46
932,Westley,Taylo,94
933,Pembroke,Flattman,7
934,Kris,Litherland,63
935,Ramsay,Joppich,40
936,Leela,Wildbore,26
937,Esra,Opie,29
938,Adina,Nanson,69
939,Genovera,Lytlle,12
940,Wait,Cosser,97
941,Bridget,Getten,39
942,Elias,Rosellini,90
943,Warner,Nock,60
944,Agneta,Caudell,64
945,Melba,Antram,76
946,Ashlen,Clausson,66
947,Katti,Cayford,75
948,Winnie,Spino,87
949,Katrine,Bramwell,82
950,Faulkner,Rosenwasser,49
951,Mirella,Hannabuss,100
952,Homerus,Piell,95
953,Abbye,Labroue,11
954,Sophi,Vosper,67
955,Lavina,Purtell,94
956,Briggs,Gemson,4
957,Lorena,Doerling,93
958,Zolly,Ashworth,40
959,Wilfrid,Sallan,4
960,Sonnie,Matuska,57
961,Elwin,Plaunch,73
962,Essy,Colam,23
963,Honor,Glasbey,35
964,Ulberto,Thornley,23
965,Lelah,Thulborn,43
966,Alford,Milmoe,12
967,Lurleen,Yanne,33
968,Letitia,Pinchbeck,3
969,Lianna,Buddles,51
970,Violetta,Manning,20
971,Vivyanne,Baine,34
972,Florenza,Searsby,19
973,Merrile,Wilder,39
974,Ethelbert,Todarello,37
975,Petey,Cattonnet,11
976,Xenia,Curley,1
977,Yardley,Norville,90
978,Kele,Aylmore,88
979,Nickolai,Callaghan,5
980,Gaspar,McCrae,40
981,Krispin,Spore,47
982,Clyve,Jedrzejewsky,32
983,Kaia,McReynolds,93
984,Homer,Dunsford,24
985,Gavrielle,Triggs,33
986,Anetta,Blythin,4
987,Vita,Glennard,73
988,Janeczka,Starmont,40
989,Adelind,Scarfe,7
990,Antoni,Skea,77
991,Erina,Paylie,95
992,Klemens,Bernasek,33
993,Christiana,Rutgers,18
994,Mauricio,Laughren,45
995,Corrinne,Charpling,96
996,Kinna,Farrow,29
997,Marty,Chaffin,26
998,Pris,Trevaskis,20
999,Alric,Nalder,44
1000,Luisa,Witcher,60
